{
    "theme": {
        "name": "Dark Mode",
        "author": "Mark Whalley",
        "description": "Dark Mode Theme (tested on MacOS)",
        "url": "http://mmex.ipx.co.uk"
    },
    "colors": {
        "navigationPanelFont": "#FFFFFF",
        "navigationPanel": "#3E0F40",
        "listPanelFont": "#FFFFFF",
        "listPanel": "#1D1D1D",
        "listAlternative1": "#343434",
        "listAlternative2": "#343434",
        "listTotal": "#2D2D2D",
        "listBorder": "#000000",
        "listFutureDate": "#AAAAAA",
        "reports": {
            "credit": "#50B381",
            "debit": "#F75E51",
            "delta": "008FFB"
        }
    }
}
